insert into compras.items (nombre, cantidad, valor_unitario, representante) values('nomb1',10,2, 'representante1');
insert into compras.items (nombre, cantidad, valor_unitario, representante) values('nomb2',20,4, 'representante2');
insert into compras.items (nombre, cantidad, valor_unitario, representante) values('nomb3',30,6, 'representante3');        
insert into compras.items (nombre, cantidad, valor_unitario, representante) values('nomb4',40,8, 'representante4');        
insert into compras.items (nombre, cantidad, valor_unitario, representante) values('nomb5',50,10, 'representante5');       
insert into compras.items (nombre, cantidad, valor_unitario, representante) values('nomb6',60,12, 'representante6');       
insert into compras.items (nombre, cantidad, valor_unitario, representante) values('nomb7',70,14, 'representante7');       
insert into compras.items (nombre, cantidad, valor_unitario, representante) values('nomb8',80,16, 'representante8');       
insert into compras.items (nombre, cantidad, valor_unitario, representante) values('nomb9',90,18, 'representante9');       
insert into compras.items (nombre, cantidad, valor_unitario, representante) values('nomb10',100,20, 'representante10');    
insert into compras.items (nombre, cantidad, valor_unitario, representante) values('nomb11',110,22, 'representante11');    
insert into compras.items (nombre, cantidad, valor_unitario, representante) values('nomb12',120,24, 'representante12');    
insert into compras.items (nombre, cantidad, valor_unitario, representante) values('nomb13',130,26, 'representante13');    
insert into compras.items (nombre, cantidad, valor_unitario, representante) values('nomb14',140,28, 'representante14');    
insert into compras.items (nombre, cantidad, valor_unitario, representante) values('nomb15',150,30, 'representante15');    
insert into compras.items (nombre, cantidad, valor_unitario, representante) values('nomb16',160,32, 'representante16');    
insert into compras.items (nombre, cantidad, valor_unitario, representante) values('nomb17',170,34, 'representante17');    
insert into compras.items (nombre, cantidad, valor_unitario, representante) values('nomb18',180,36, 'representante18');    
insert into compras.items (nombre, cantidad, valor_unitario, representante) values('nomb19',190,38, 'representante19');    
insert into compras.items (nombre, cantidad, valor_unitario, representante) values('nomb20',200,40, 'representante20');

insert into almacen.areas (nombre) values('area1');
insert into almacen.areas (nombre) values('area2');
insert into almacen.areas (nombre) values('area3');
insert into almacen.areas (nombre) values('area4');
insert into almacen.areas (nombre) values('area5');
insert into almacen.areas (nombre) values('area6');
insert into almacen.areas (nombre) values('area7');
insert into almacen.areas (nombre) values('area8');
insert into almacen.areas (nombre) values('area9');
insert into almacen.areas (nombre) values('area10');
insert into almacen.areas (nombre) values('area11');
insert into almacen.areas (nombre) values('area12');
insert into almacen.areas (nombre) values('area13');
insert into almacen.areas (nombre) values('area14');
insert into almacen.areas (nombre) values('area15');
insert into almacen.areas (nombre) values('area16');
insert into almacen.areas (nombre) values('area17');
insert into almacen.areas (nombre) values('area18');
insert into almacen.areas (nombre) values('area19');
insert into almacen.areas (nombre) values('area20');


insert into almacen.empleados(id_area, nombre, dni, cargo, direccion, telefono) values(1,'nomb1','12345671','empleado','dir1','954325769');
insert into almacen.empleados(id_area, nombre, dni, cargo, direccion, telefono) values(2,'nomb2','12345672','empleado','dir2','954325761');
insert into almacen.empleados(id_area, nombre, dni, cargo, direccion, telefono) values(3,'nomb3','12345673','empleado','dir3','954325762');
insert into almacen.empleados(id_area, nombre, dni, cargo, direccion, telefono) values(4,'nomb4','12345674','empleado','dir4','954325763');
insert into almacen.empleados(id_area, nombre, dni, cargo, direccion, telefono) values(5,'nomb5','12345675','empleado','dir5','954325764');
insert into almacen.empleados(id_area, nombre, dni, cargo, direccion, telefono) values(6,'nomb6','12345676','empleado','dir6','954325765');
insert into almacen.empleados(id_area, nombre, dni, cargo, direccion, telefono) values(7,'nomb7','12345677','empleado','dir7','954325766');
insert into almacen.empleados(id_area, nombre, dni, cargo, direccion, telefono) values(8,'nomb8','12345678','empleado','dir8','954325767');
insert into almacen.empleados(id_area, nombre, dni, cargo, direccion, telefono) values(9,'nomb9','12345679','empleado','dir9','954325768');
insert into almacen.empleados(id_area, nombre, dni, cargo, direccion, telefono) values(10,'nomb10','12345610','empleado','dir10','954325769');
insert into almacen.empleados(id_area, nombre, dni, cargo, direccion, telefono) values(11,'nomb11','12345611','empleado','dir11','954325710');
insert into almacen.empleados(id_area, nombre, dni, cargo, direccion, telefono) values(12,'nomb12','12345612','empleado','dir12','954325711');
insert into almacen.empleados(id_area, nombre, dni, cargo, direccion, telefono) values(13,'nomb13','12345613','empleado','dir13','954325712');
insert into almacen.empleados(id_area, nombre, dni, cargo, direccion, telefono) values(14,'nomb14','12345614','empleado','dir14','954325713');
insert into almacen.empleados(id_area, nombre, dni, cargo, direccion, telefono) values(15,'nomb15','12345615','empleado','dir15','954325714');
insert into almacen.empleados(id_area, nombre, dni, cargo, direccion, telefono) values(16,'nomb16','12345616','empleado','dir16','954325715');
insert into almacen.empleados(id_area, nombre, dni, cargo, direccion, telefono) values(17,'nomb17','12345617','empleado','dir17','954325716');
insert into almacen.empleados(id_area, nombre, dni, cargo, direccion, telefono) values(18,'nomb18','12345618','empleado','dir18','954325717');
insert into almacen.empleados(id_area, nombre, dni, cargo, direccion, telefono) values(19,'nomb19','12345619','empleado','dir19','954325718');
insert into almacen.empleados(id_area, nombre, dni, cargo, direccion, telefono) values(20,'nomb20','12345620','empleado','dir20','954325719');


insert into almacen.responsables(id_empleado) values(1);
insert into almacen.responsables(id_empleado) values(2);
insert into almacen.responsables(id_empleado) values(3);
insert into almacen.responsables(id_empleado) values(4);
insert into almacen.responsables(id_empleado) values(5);
insert into almacen.responsables(id_empleado) values(6);
insert into almacen.responsables(id_empleado) values(7);
insert into almacen.responsables(id_empleado) values(8);
insert into almacen.responsables(id_empleado) values(9);
insert into almacen.responsables(id_empleado) values(10);
insert into almacen.responsables(id_empleado) values(11);
insert into almacen.responsables(id_empleado) values(12);
insert into almacen.responsables(id_empleado) values(13);
insert into almacen.responsables(id_empleado) values(14);
insert into almacen.responsables(id_empleado) values(15);
insert into almacen.responsables(id_empleado) values(16);
insert into almacen.responsables(id_empleado) values(17);
insert into almacen.responsables(id_empleado) values(18);
insert into almacen.responsables(id_empleado) values(19);
insert into almacen.responsables(id_empleado) values(20);

insert into compras.solicitudes(id_item, fecha, id_responsable) values (1, '2020-07-01', 1);
insert into compras.solicitudes(id_item, fecha, id_responsable) values (2, '2020-07-02', 2);
insert into compras.solicitudes(id_item, fecha, id_responsable) values (3, '2020-07-03', 3);
insert into compras.solicitudes(id_item, fecha, id_responsable) values (4, '2020-07-04', 4);
insert into compras.solicitudes(id_item, fecha, id_responsable) values (5, '2020-07-05', 5);
insert into compras.solicitudes(id_item, fecha, id_responsable) values (6, '2020-07-06', 6);
insert into compras.solicitudes(id_item, fecha, id_responsable) values (7, '2020-07-06', 7);
insert into compras.solicitudes(id_item, fecha, id_responsable) values (8, '2020-07-07', 8);
insert into compras.solicitudes(id_item, fecha, id_responsable) values (9, '2020-07-07', 9);
insert into compras.solicitudes(id_item, fecha, id_responsable) values (10, '2020-07-07', 10);
insert into compras.solicitudes(id_item, fecha, id_responsable) values (11, '2020-07-08', 11);
insert into compras.solicitudes(id_item, fecha, id_responsable) values (12, '2020-07-01', 12);
insert into compras.solicitudes(id_item, fecha, id_responsable) values (13, '2020-07-01', 13);
insert into compras.solicitudes(id_item, fecha, id_responsable) values (14, '2020-07-01', 14);
insert into compras.solicitudes(id_item, fecha, id_responsable) values (15, '2020-08-01', 15);
insert into compras.solicitudes(id_item, fecha, id_responsable) values (16, '2020-08-01', 16);
insert into compras.solicitudes(id_item, fecha, id_responsable) values (17, '2020-08-20', 17);
insert into compras.solicitudes(id_item, fecha, id_responsable) values (18, '2020-09-01', 18);
insert into compras.solicitudes(id_item, fecha, id_responsable) values (19, '2020-09-01', 19);
insert into compras.solicitudes(id_item, fecha, id_responsable) values (20, '2020-09-02', 20);

insert into compras.proveedores(nombre,direccion,ruc,fecha,ciudad) values ('nomb1','dir1','12345678911', '2020-07-01', 'ciudad1');
insert into compras.proveedores(nombre,direccion,ruc,fecha,ciudad) values ('nomb2','dir2','12345678911', '2020-07-01', 'ciudad2');
insert into compras.proveedores(nombre,direccion,ruc,fecha,ciudad) values ('nomb3','dir3','12345678912', '2020-07-02', 'ciudad3');
insert into compras.proveedores(nombre,direccion,ruc,fecha,ciudad) values ('nomb4','dir4','12345678913', '2020-07-03', 'ciudad4');
insert into compras.proveedores(nombre,direccion,ruc,fecha,ciudad) values ('nomb5','dir5','12345678914', '2020-07-03', 'ciudad5');
insert into compras.proveedores(nombre,direccion,ruc,fecha,ciudad) values ('nomb6','dir6','12345678915', '2020-07-04', 'ciudad6');
insert into compras.proveedores(nombre,direccion,ruc,fecha,ciudad) values ('nomb7','dir7','12345678916', '2020-07-05', 'ciudad7');
insert into compras.proveedores(nombre,direccion,ruc,fecha,ciudad) values ('nomb8','dir8','12345678917', '2020-07-05', 'ciudad8');
insert into compras.proveedores(nombre,direccion,ruc,fecha,ciudad) values ('nomb9','dir9','12345678918', '2020-07-05', 'ciudad9');
insert into compras.proveedores(nombre,direccion,ruc,fecha,ciudad) values ('nomb10','dir10','12345678919', '2020-07-06', 'ciudad10');
insert into compras.proveedores(nombre,direccion,ruc,fecha,ciudad) values ('nomb11','dir11','12345678921', '2020-07-06', 'ciudad11');
insert into compras.proveedores(nombre,direccion,ruc,fecha,ciudad) values ('nomb12','dir12','12345678922', '2020-07-07', 'ciudad12');
insert into compras.proveedores(nombre,direccion,ruc,fecha,ciudad) values ('nomb13','dir13','12345678923', '2020-08-01', 'ciudad13');
insert into compras.proveedores(nombre,direccion,ruc,fecha,ciudad) values ('nomb14','dir14','12345678934', '2020-08-01', 'ciudad14');
insert into compras.proveedores(nombre,direccion,ruc,fecha,ciudad) values ('nomb15','dir15','12345678925', '2020-08-02', 'ciudad15');
insert into compras.proveedores(nombre,direccion,ruc,fecha,ciudad) values ('nomb16','dir16','12345678926', '2020-08-02', 'ciudad16');
insert into compras.proveedores(nombre,direccion,ruc,fecha,ciudad) values ('nomb17','dir17','12345678927', '2020-08-03', 'ciudad17');
insert into compras.proveedores(nombre,direccion,ruc,fecha,ciudad) values ('nomb18','dir18','12345678928', '2020-08-03', 'ciudad18');
insert into compras.proveedores(nombre,direccion,ruc,fecha,ciudad) values ('nomb19','dir19','12345678929', '2020-08-03', 'ciudad19');
insert into compras.proveedores(nombre,direccion,ruc,fecha,ciudad) values ('nomb20','dir20','12345678930', '2020-09-01', 'ciudad20');


insert into compras.envios(via_envio,metodo_envio,condicion_envio,dia_entrega) values ('via1','metodo1','condicion1', '2020-07-01');
insert into compras.envios(via_envio,metodo_envio,condicion_envio,dia_entrega) values ('via2','metodo2','condicion2', '2020-07-01');
insert into compras.envios(via_envio,metodo_envio,condicion_envio,dia_entrega) values ('via3','metodo3','condicion3', '2020-07-01');
insert into compras.envios(via_envio,metodo_envio,condicion_envio,dia_entrega) values ('via4','metodo4','condicion4', '2020-07-01');
insert into compras.envios(via_envio,metodo_envio,condicion_envio,dia_entrega) values ('via5','metodo5','condicion5', '2020-07-01');
insert into compras.envios(via_envio,metodo_envio,condicion_envio,dia_entrega) values ('via6','metodo6','condicion6', '2020-07-02');
insert into compras.envios(via_envio,metodo_envio,condicion_envio,dia_entrega) values ('via7','metodo7','condicion7', '2020-07-02');
insert into compras.envios(via_envio,metodo_envio,condicion_envio,dia_entrega) values ('via8','metodo8','condicion8', '2020-07-02');
insert into compras.envios(via_envio,metodo_envio,condicion_envio,dia_entrega) values ('via9','metodo9','condicion9', '2020-07-02');
insert into compras.envios(via_envio,metodo_envio,condicion_envio,dia_entrega) values ('via10','metodo10','condicion10', '2020-07-03');
insert into compras.envios(via_envio,metodo_envio,condicion_envio,dia_entrega) values ('via11','metodo11','condicion11', '2020-07-03');
insert into compras.envios(via_envio,metodo_envio,condicion_envio,dia_entrega) values ('via12','metodo12','condicion12', '2020-07-03');
insert into compras.envios(via_envio,metodo_envio,condicion_envio,dia_entrega) values ('via13','metodo13','condicion13', '2020-07-03');
insert into compras.envios(via_envio,metodo_envio,condicion_envio,dia_entrega) values ('via14','metodo14','condicion14', '2020-07-04');
insert into compras.envios(via_envio,metodo_envio,condicion_envio,dia_entrega) values ('via15','metodo15','condicion15', '2020-07-04');
insert into compras.envios(via_envio,metodo_envio,condicion_envio,dia_entrega) values ('via16','metodo16','condicion16', '2020-07-05');
insert into compras.envios(via_envio,metodo_envio,condicion_envio,dia_entrega) values ('via17','metodo17','condicion17', '2020-07-05');
insert into compras.envios(via_envio,metodo_envio,condicion_envio,dia_entrega) values ('via18','metodo18','condicion18', '2020-07-06');
insert into compras.envios(via_envio,metodo_envio,condicion_envio,dia_entrega) values ('via19','metodo19','condicion19', '2020-07-07');
insert into compras.envios(via_envio,metodo_envio,condicion_envio,dia_entrega) values ('via20','metodo20','condicion20', '2020-07-08');

insert into compras.orden_compra_adicionales(descuento, impuesto) values (2,1.2);
insert into compras.orden_compra_adicionales(descuento, impuesto) values (4,2.4);
insert into compras.orden_compra_adicionales(descuento, impuesto) values (6,3.5999999999999996);
insert into compras.orden_compra_adicionales(descuento, impuesto) values (8,4.8);
insert into compras.orden_compra_adicionales(descuento, impuesto) values (10,6.0);
insert into compras.orden_compra_adicionales(descuento, impuesto) values (12,7.199999999999999);
insert into compras.orden_compra_adicionales(descuento, impuesto) values (14,8.4);
insert into compras.orden_compra_adicionales(descuento, impuesto) values (16,9.6);
insert into compras.orden_compra_adicionales(descuento, impuesto) values (18,10.799999999999999);
insert into compras.orden_compra_adicionales(descuento, impuesto) values (20,12.0);
insert into compras.orden_compra_adicionales(descuento, impuesto) values (22,13.2);
insert into compras.orden_compra_adicionales(descuento, impuesto) values (24,14.399999999999999);
insert into compras.orden_compra_adicionales(descuento, impuesto) values (26,15.6);
insert into compras.orden_compra_adicionales(descuento, impuesto) values (28,16.8);
insert into compras.orden_compra_adicionales(descuento, impuesto) values (30,18.0);
insert into compras.orden_compra_adicionales(descuento, impuesto) values (32,19.2);
insert into compras.orden_compra_adicionales(descuento, impuesto) values (34,20.4);
insert into compras.orden_compra_adicionales(descuento, impuesto) values (36,21.599999999999998);
insert into compras.orden_compra_adicionales(descuento, impuesto) values (38,22.8);
insert into compras.orden_compra_adicionales(descuento, impuesto) values (40,24.0);

insert into compras.orden_compra(id_solicitud,id_proveedor,id_envio,descripcion,impuesto,precio,id_adicionales) values (1,1,1,'descrpcion1',40,150,1);
insert into compras.orden_compra(id_solicitud,id_proveedor,id_envio,descripcion,impuesto,precio,id_adicionales) values (2,2,2,'descrpcion2',80,300,2);
insert into compras.orden_compra(id_solicitud,id_proveedor,id_envio,descripcion,impuesto,precio,id_adicionales) values (3,3,3,'descrpcion3',120,450,3);
insert into compras.orden_compra(id_solicitud,id_proveedor,id_envio,descripcion,impuesto,precio,id_adicionales) values (4,4,4,'descrpcion4',160,600,4);
insert into compras.orden_compra(id_solicitud,id_proveedor,id_envio,descripcion,impuesto,precio,id_adicionales) values (5,5,5,'descrpcion5',200,750,5);
insert into compras.orden_compra(id_solicitud,id_proveedor,id_envio,descripcion,impuesto,precio,id_adicionales) values (6,6,6,'descrpcion6',240,900,6);
insert into compras.orden_compra(id_solicitud,id_proveedor,id_envio,descripcion,impuesto,precio,id_adicionales) values (7,7,7,'descrpcion7',280,1050,7);
insert into compras.orden_compra(id_solicitud,id_proveedor,id_envio,descripcion,impuesto,precio,id_adicionales) values (8,8,8,'descrpcion8',320,1200,8);
insert into compras.orden_compra(id_solicitud,id_proveedor,id_envio,descripcion,impuesto,precio,id_adicionales) values (9,9,9,'descrpcion9',360,1350,9);
insert into compras.orden_compra(id_solicitud,id_proveedor,id_envio,descripcion,impuesto,precio,id_adicionales) values (10,10,10,'descrpcion10',400,1500,10);
insert into compras.orden_compra(id_solicitud,id_proveedor,id_envio,descripcion,impuesto,precio,id_adicionales) values (11,11,11,'descrpcion11',440,1650,11);
insert into compras.orden_compra(id_solicitud,id_proveedor,id_envio,descripcion,impuesto,precio,id_adicionales) values (12,12,12,'descrpcion12',480,1800,12);
insert into compras.orden_compra(id_solicitud,id_proveedor,id_envio,descripcion,impuesto,precio,id_adicionales) values (13,13,13,'descrpcion13',520,1950,13);
insert into compras.orden_compra(id_solicitud,id_proveedor,id_envio,descripcion,impuesto,precio,id_adicionales) values (14,14,14,'descrpcion14',560,2100,14);
insert into compras.orden_compra(id_solicitud,id_proveedor,id_envio,descripcion,impuesto,precio,id_adicionales) values (15,15,15,'descrpcion15',600,2250,15);
insert into compras.orden_compra(id_solicitud,id_proveedor,id_envio,descripcion,impuesto,precio,id_adicionales) values (16,16,16,'descrpcion16',640,2400,16);
insert into compras.orden_compra(id_solicitud,id_proveedor,id_envio,descripcion,impuesto,precio,id_adicionales) values (17,17,17,'descrpcion17',680,2550,17);
insert into compras.orden_compra(id_solicitud,id_proveedor,id_envio,descripcion,impuesto,precio,id_adicionales) values (18,18,18,'descrpcion18',720,2700,18);
insert into compras.orden_compra(id_solicitud,id_proveedor,id_envio,descripcion,impuesto,precio,id_adicionales) values (19,19,19,'descrpcion19',760,2850,19);
insert into compras.orden_compra(id_solicitud,id_proveedor,id_envio,descripcion,impuesto,precio,id_adicionales) values (20,20,20,'descrpcion20',800,3000,20);

insert into almacen.entrada(id_ordencompra,fecha_entrega) values (1,'2020-09-01');
insert into almacen.entrada(id_ordencompra,fecha_entrega) values (2,'2020-09-01');
insert into almacen.entrada(id_ordencompra,fecha_entrega) values (3,'2020-09-01');
insert into almacen.entrada(id_ordencompra,fecha_entrega) values (4,'2020-09-01');
insert into almacen.entrada(id_ordencompra,fecha_entrega) values (5,'2020-09-02');
insert into almacen.entrada(id_ordencompra,fecha_entrega) values (6,'2020-09-02');
insert into almacen.entrada(id_ordencompra,fecha_entrega) values (7,'2020-09-02');
insert into almacen.entrada(id_ordencompra,fecha_entrega) values (8,'2020-09-02');
insert into almacen.entrada(id_ordencompra,fecha_entrega) values (9,'2020-09-02');
insert into almacen.entrada(id_ordencompra,fecha_entrega) values (10,'2020-09-03');
insert into almacen.entrada(id_ordencompra,fecha_entrega) values (11,'2020-09-03');
insert into almacen.entrada(id_ordencompra,fecha_entrega) values (12,'2020-09-03');
insert into almacen.entrada(id_ordencompra,fecha_entrega) values (13,'2020-09-03');
insert into almacen.entrada(id_ordencompra,fecha_entrega) values (14,'2020-09-03');
insert into almacen.entrada(id_ordencompra,fecha_entrega) values (15,'2020-09-03');
insert into almacen.entrada(id_ordencompra,fecha_entrega) values (16,'2020-09-04');
insert into almacen.entrada(id_ordencompra,fecha_entrega) values (17,'2020-09-04');
insert into almacen.entrada(id_ordencompra,fecha_entrega) values (18,'2020-09-04');
insert into almacen.entrada(id_ordencompra,fecha_entrega) values (19,'2020-09-04');
insert into almacen.entrada(id_ordencompra,fecha_entrega) values (20,'2020-09-04');

insert into almacen.salidas(id_entrada,fecha_salida,fecha_entrega) values (1,'2020-09-02','2020-09-01');
insert into almacen.salidas(id_entrada,fecha_salida,fecha_entrega) values (2,'2020-09-02','2020-09-01');
insert into almacen.salidas(id_entrada,fecha_salida,fecha_entrega) values (3,'2020-09-02','2020-09-01');
insert into almacen.salidas(id_entrada,fecha_salida,fecha_entrega) values (4,'2020-09-02','2020-09-01');
insert into almacen.salidas(id_entrada,fecha_salida,fecha_entrega) values (5,'2020-09-03','2020-09-02');
insert into almacen.salidas(id_entrada,fecha_salida,fecha_entrega) values (6,'2020-09-03','2020-09-02');
insert into almacen.salidas(id_entrada,fecha_salida,fecha_entrega) values (7,'2020-09-04','2020-09-02');
insert into almacen.salidas(id_entrada,fecha_salida,fecha_entrega) values (8,'2020-09-04','2020-09-02');
insert into almacen.salidas(id_entrada,fecha_salida,fecha_entrega) values (9,'2020-09-04','2020-09-02');
insert into almacen.salidas(id_entrada,fecha_salida,fecha_entrega) values (10,'2020-09-05','2020-09-03');
insert into almacen.salidas(id_entrada,fecha_salida,fecha_entrega) values (11,'2020-09-05','2020-09-03');
insert into almacen.salidas(id_entrada,fecha_salida,fecha_entrega) values (12,'2020-09-05','2020-09-03');
insert into almacen.salidas(id_entrada,fecha_salida,fecha_entrega) values (13,'2020-09-05','2020-09-03');
insert into almacen.salidas(id_entrada,fecha_salida,fecha_entrega) values (14,'2020-09-05','2020-09-03');
insert into almacen.salidas(id_entrada,fecha_salida,fecha_entrega) values (15,'2020-09-05','2020-09-03');
insert into almacen.salidas(id_entrada,fecha_salida,fecha_entrega) values (16,'2020-09-06','2020-09-04');
insert into almacen.salidas(id_entrada,fecha_salida,fecha_entrega) values (17,'2020-09-06','2020-09-04');
insert into almacen.salidas(id_entrada,fecha_salida,fecha_entrega) values (18,'2020-09-06','2020-09-04');
insert into almacen.salidas(id_entrada,fecha_salida,fecha_entrega) values (19,'2020-09-06','2020-09-04');
insert into almacen.salidas(id_entrada,fecha_salida,fecha_entrega) values (20,'2020-09-06','2020-09-04');


insert into inventario.bien(id_salida,nombre,cantidad,fecha_entrega) values (1,'nomb11',3,'2020-10-01');
insert into inventario.bien(id_salida,nombre,cantidad,fecha_entrega) values (2,'nomb12',6,'2020-10-01');
insert into inventario.bien(id_salida,nombre,cantidad,fecha_entrega) values (3,'nomb13',9,'2020-10-01');
insert into inventario.bien(id_salida,nombre,cantidad,fecha_entrega) values (4,'nomb14',12,'2020-10-01');
insert into inventario.bien(id_salida,nombre,cantidad,fecha_entrega) values (5,'nomb15',15,'2020-10-01');
insert into inventario.bien(id_salida,nombre,cantidad,fecha_entrega) values (6,'nomb16',18,'2020-10-01');
insert into inventario.bien(id_salida,nombre,cantidad,fecha_entrega) values (7,'nomb17',21,'2020-10-02');
insert into inventario.bien(id_salida,nombre,cantidad,fecha_entrega) values (8,'nomb18',24,'2020-10-02');
insert into inventario.bien(id_salida,nombre,cantidad,fecha_entrega) values (9,'nomb19',27,'2020-10-02');
insert into inventario.bien(id_salida,nombre,cantidad,fecha_entrega) values (10,'nomb110',30,'2020-10-03');
insert into inventario.bien(id_salida,nombre,cantidad,fecha_entrega) values (11,'nomb111',33,'2020-10-03');
insert into inventario.bien(id_salida,nombre,cantidad,fecha_entrega) values (12,'nomb112',36,'2020-10-03');
insert into inventario.bien(id_salida,nombre,cantidad,fecha_entrega) values (13,'nomb113',39,'2020-10-03');
insert into inventario.bien(id_salida,nombre,cantidad,fecha_entrega) values (14,'nomb114',42,'2020-10-04');
insert into inventario.bien(id_salida,nombre,cantidad,fecha_entrega) values (15,'nomb115',45,'2020-10-05');
insert into inventario.bien(id_salida,nombre,cantidad,fecha_entrega) values (16,'nomb116',48,'2020-10-06');
insert into inventario.bien(id_salida,nombre,cantidad,fecha_entrega) values (17,'nomb117',51,'2020-10-06');
insert into inventario.bien(id_salida,nombre,cantidad,fecha_entrega) values (18,'nomb118',54,'2020-10-06');
insert into inventario.bien(id_salida,nombre,cantidad,fecha_entrega) values (19,'nomb119',57,'2020-10-07');
insert into inventario.bien(id_salida,nombre,cantidad,fecha_entrega) values (20,'nomb120',60,'2020-10-08');