
insert into compras.responsables (nombre , dni) values ('nombre1','12345678');
insert into compras.responsables (nombre , dni) values ('nombre2','12345679');
insert into compras.responsables (nombre , dni) values ('nombre3','12345671');
insert into compras.responsables (nombre , dni) values ('nombre4','12345611');
insert into compras.responsables (nombre , dni) values ('nombre5','12345612');
insert into compras.responsables (nombre , dni) values ('nombre6','12345613');
insert into compras.responsables (nombre , dni) values ('nombre7','12345614');
insert into compras.responsables (nombre , dni) values ('nombre8','12345615');
insert into compras.responsables (nombre , dni) values ('nombre9','12345616');
insert into compras.responsables (nombre , dni) values ('nombre10','12345617');
insert into compras.responsables (nombre , dni) values ('nombre11','12345618');
insert into compras.responsables (nombre , dni) values ('nombre12','12345619');
insert into compras.responsables (nombre , dni) values ('nombre13','12345620');
insert into compras.responsables (nombre , dni) values ('nombre14','12345621');
insert into compras.responsables (nombre , dni) values ('nombre15','12345622');
insert into compras.responsables (nombre , dni) values ('nombre16','12345623');
insert into compras.responsables (nombre , dni) values ('nombre17','12345624');
insert into compras.responsables (nombre , dni) values ('nombre18','12345625');
insert into compras.responsables (nombre , dni) values ('nombre19','12345626');
insert into compras.responsables (nombre , dni) values ('nombre20','12345627');

insert into inventario.bien (dni_responsable, fecha_entrega, direccion) values('12345678', '2022-07-01', 'dir1');
insert into inventario.bien (dni_responsable, fecha_entrega, direccion) values('12345679', '2022-07-02', 'dir2');
insert into inventario.bien (dni_responsable, fecha_entrega, direccion) values('12345671', '2022-07-03', 'dir3');
insert into inventario.bien (dni_responsable, fecha_entrega, direccion) values('12345611', '2022-07-04', 'dir4');
insert into inventario.bien (dni_responsable, fecha_entrega, direccion) values('12345612', '2022-07-05', 'dir5');
insert into inventario.bien (dni_responsable, fecha_entrega, direccion) values('12345613', '2022-07-06', 'dir6');
insert into inventario.bien (dni_responsable, fecha_entrega, direccion) values('12345614', '2022-07-07', 'dir7');
insert into inventario.bien (dni_responsable, fecha_entrega, direccion) values('12345615', '2022-07-08', 'dir8');
insert into inventario.bien (dni_responsable, fecha_entrega, direccion) values('12345616', '2022-07-09', 'dir9');
insert into inventario.bien (dni_responsable, fecha_entrega, direccion) values('12345617', '2022-07-10', 'dir10');
insert into inventario.bien (dni_responsable, fecha_entrega, direccion) values('12345618', '2022-07-11', 'dir11');
insert into inventario.bien (dni_responsable, fecha_entrega, direccion) values('12345619', '2022-07-12', 'dir12');
insert into inventario.bien (dni_responsable, fecha_entrega, direccion) values('12345620', '2022-07-13', 'dir13');
insert into inventario.bien (dni_responsable, fecha_entrega, direccion) values('12345621', '2022-07-14', 'dir14');
insert into inventario.bien (dni_responsable, fecha_entrega, direccion) values('12345622', '2022-07-15', 'dir15');
insert into inventario.bien (dni_responsable, fecha_entrega, direccion) values('12345623', '2022-07-16', 'dir16');
insert into inventario.bien (dni_responsable, fecha_entrega, direccion) values('12345624', '2022-07-17', 'dir17');
insert into inventario.bien (dni_responsable, fecha_entrega, direccion) values('12345625', '2022-07-18', 'dir18');
insert into inventario.bien (dni_responsable, fecha_entrega, direccion) values('12345626', '2022-07-19', 'dir19');
insert into inventario.bien (dni_responsable, fecha_entrega, direccion) values('12345627', '2022-07-20', 'dir20');

insert into compras.items (nombre_items, cantidad, unidad_medida, valor_unitario, valor_total) values('item1',10,'kilogramo', 5, 50);
insert into compras.items (nombre_items, cantidad, unidad_medida, valor_unitario, valor_total) values('item2',10,'kilogramo', 5, 50);
insert into compras.items (nombre_items, cantidad, unidad_medida, valor_unitario, valor_total) values('item3',10,'kilogramo', 5, 50);
insert into compras.items (nombre_items, cantidad, unidad_medida, valor_unitario, valor_total) values('item4',10,'kilogramo', 5, 50);
insert into compras.items (nombre_items, cantidad, unidad_medida, valor_unitario, valor_total) values('item5',10,'kilogramo', 5, 50);
insert into compras.items (nombre_items, cantidad, unidad_medida, valor_unitario, valor_total) values('item6',10,'kilogramo', 5, 50);
insert into compras.items (nombre_items, cantidad, unidad_medida, valor_unitario, valor_total) values('item7',10,'kilogramo', 5, 50);
insert into compras.items (nombre_items, cantidad, unidad_medida, valor_unitario, valor_total) values('item8',10,'kilogramo', 5, 50);
insert into compras.items (nombre_items, cantidad, unidad_medida, valor_unitario, valor_total) values('item9',10,'kilogramo', 5, 50);
insert into compras.items (nombre_items, cantidad, unidad_medida, valor_unitario, valor_total) values('item10',10,'kilogramo', 5, 50);
insert into compras.items (nombre_items, cantidad, unidad_medida, valor_unitario, valor_total) values('item11',10,'kilogramo', 5, 50);
insert into compras.items (nombre_items, cantidad, unidad_medida, valor_unitario, valor_total) values('item12',10,'kilogramo', 5, 50);
insert into compras.items (nombre_items, cantidad, unidad_medida, valor_unitario, valor_total) values('item13',10,'kilogramo', 5, 50);
insert into compras.items (nombre_items, cantidad, unidad_medida, valor_unitario, valor_total) values('item14',10,'kilogramo', 5, 50);
insert into compras.items (nombre_items, cantidad, unidad_medida, valor_unitario, valor_total) values('item15',10,'kilogramo', 5, 50);
insert into compras.items (nombre_items, cantidad, unidad_medida, valor_unitario, valor_total) values('item16',10,'kilogramo', 5, 50);
insert into compras.items (nombre_items, cantidad, unidad_medida, valor_unitario, valor_total) values('item17',10,'kilogramo', 5, 50);
insert into compras.items (nombre_items, cantidad, unidad_medida, valor_unitario, valor_total) values('item18',10,'kilogramo', 5, 50);
insert into compras.items (nombre_items, cantidad, unidad_medida, valor_unitario, valor_total) values('item19',10,'kilogramo', 5, 50);
insert into compras.items (nombre_items, cantidad, unidad_medida, valor_unitario, valor_total) values('item20',10,'kilogramo', 5, 50);


insert into almacen.factura (id_item, fecha, proveedor, total_bienes, valor_total, num_entrada) values(1, '2022-07-20', 'prov1',20, 100, 1);
insert into almacen.factura (id_item, fecha,proveedor, total_bienes, valor_total, num_entrada) values(2, '2022-07-20', 'prov2',20, 100, 2);
insert into almacen.factura (id_item, fecha,proveedor, total_bienes, valor_total, num_entrada) values(3, '2022-07-20', 'prov3',20, 100, 3);
insert into almacen.factura (id_item, fecha,proveedor, total_bienes, valor_total, num_entrada) values(4, '2022-07-20', 'prov4',20, 100, 4);
insert into almacen.factura (id_item, fecha,proveedor, total_bienes, valor_total, num_entrada) values(5, '2022-07-20', 'prov5',20, 100, 5);
insert into almacen.factura (id_item, fecha,proveedor, total_bienes, valor_total, num_entrada) values(6, '2022-07-20', 'prov16',20, 100, 6);
insert into almacen.factura (id_item, fecha,proveedor, total_bienes, valor_total, num_entrada) values(7, '2022-07-20', 'prov17',20, 100, 7);
insert into almacen.factura (id_item, fecha,proveedor, total_bienes, valor_total, num_entrada) values(8, '2022-07-20', 'prov18',20, 100, 8);
insert into almacen.factura (id_item, fecha,proveedor, total_bienes, valor_total, num_entrada) values(9, '2022-07-20', 'prov19',20, 100, 9);
insert into almacen.factura (id_item, fecha,proveedor, total_bienes, valor_total, num_entrada) values(10, '2022-07-20', 'prov20',20, 100, 10);
insert into almacen.factura (id_item, fecha,proveedor, total_bienes, valor_total, num_entrada) values(11, '2022-07-20', 'prov21',20, 100, 11);
insert into almacen.factura (id_item, fecha,proveedor, total_bienes, valor_total, num_entrada) values(12, '2022-07-20', 'prov22',20, 100, 12);
insert into almacen.factura (id_item, fecha,proveedor, total_bienes, valor_total, num_entrada) values(13, '2022-07-20', 'prov23',20, 100, 13);
insert into almacen.factura (id_item, fecha,proveedor, total_bienes, valor_total, num_entrada) values(14, '2022-07-20', 'prov24',20, 100, 14);
insert into almacen.factura (id_item, fecha,proveedor, total_bienes, valor_total, num_entrada) values(15, '2022-07-20', 'prov25',20, 100, 15);
insert into almacen.factura (id_item, fecha,proveedor, total_bienes, valor_total, num_entrada) values(16, '2022-07-20', 'prov26',20, 100, 16);
insert into almacen.factura (id_item, fecha,proveedor, total_bienes, valor_total, num_entrada) values(17, '2022-07-20', 'prov27',20, 100, 17);
insert into almacen.factura (id_item, fecha,proveedor, total_bienes, valor_total, num_entrada) values(18, '2022-07-20', 'prov28',20, 100, 18);
insert into almacen.factura (id_item, fecha,proveedor, total_bienes, valor_total, num_entrada) values(19, '2022-07-20', 'prov29',20, 100, 19);
insert into almacen.factura (id_item, fecha,proveedor, total_bienes, valor_total, num_entrada) values(20, '2022-07-20', 'prov30',20, 100, 20);

insert into almacen.salidas_almacen  (dni_empleado, fecha_salida, fecha_entrega) values('12345678','2022-07-01','2022-07-06');
insert into almacen.salidas_almacen  (dni_empleado, fecha_salida, fecha_entrega) values('12345679','2022-07-01','2022-07-10');
insert into almacen.salidas_almacen  (dni_empleado, fecha_salida, fecha_entrega) values('12345671','2022-07-01','2022-07-11');
insert into almacen.salidas_almacen  (dni_empleado, fecha_salida, fecha_entrega) values('12345611','2022-07-01','2022-07-22');
insert into almacen.salidas_almacen  (dni_empleado, fecha_salida, fecha_entrega) values('12345612','2022-07-01','2022-07-09');
insert into almacen.salidas_almacen  (dni_empleado, fecha_salida, fecha_entrega) values('12345613','2022-07-01','2022-07-06');
insert into almacen.salidas_almacen  (dni_empleado, fecha_salida, fecha_entrega) values('12345614','2022-07-01','2022-07-06');
insert into almacen.salidas_almacen  (dni_empleado, fecha_salida, fecha_entrega) values('12345615','2022-07-01','2022-07-06');
insert into almacen.salidas_almacen  (dni_empleado, fecha_salida, fecha_entrega) values('12345616','2022-07-01','2022-07-06');
insert into almacen.salidas_almacen  (dni_empleado, fecha_salida, fecha_entrega) values('12345617','2022-07-01','2022-07-06');
insert into almacen.salidas_almacen  (dni_empleado, fecha_salida, fecha_entrega) values('12345618','2022-07-01','2022-07-06');
insert into almacen.salidas_almacen  (dni_empleado, fecha_salida, fecha_entrega) values('12345619','2022-07-14','2022-07-20');
insert into almacen.salidas_almacen  (dni_empleado, fecha_salida, fecha_entrega) values('12345620','2022-07-01','2022-07-06');
insert into almacen.salidas_almacen  (dni_empleado, fecha_salida, fecha_entrega) values('12345621','2022-07-01','2022-07-06');
insert into almacen.salidas_almacen  (dni_empleado, fecha_salida, fecha_entrega) values('12345622','2022-07-01','2022-07-06');
insert into almacen.salidas_almacen  (dni_empleado, fecha_salida, fecha_entrega) values('12345623','2022-07-01','2022-07-06');
insert into almacen.salidas_almacen  (dni_empleado, fecha_salida, fecha_entrega) values('12345624','2022-07-01','2022-07-06');
insert into almacen.salidas_almacen  (dni_empleado, fecha_salida, fecha_entrega) values('12345625','2022-07-01','2022-07-06');
insert into almacen.salidas_almacen  (dni_empleado, fecha_salida, fecha_entrega) values('12345626','2022-07-01','2022-07-06');
insert into almacen.salidas_almacen  (dni_empleado, fecha_salida, fecha_entrega) values('12345627','2022-07-01','2022-07-06');



